rank	score	lean	gate	band	deadline	value	candidate	title	hard	soft
1	50	40	-1	GOOD	2026-08-28T23:59:59+02:00	800000.0	TED:421844-2026	Belgium – Public relations services – Support for the organisation of events and other communication and information activities of the European Parliament Liaison Office in Hungary	onsite	partner_allowed,electronic
2	28	22	-4	GOOD	2026-09-09T23:59:59+02:00	2000000.0	TED:425617-2026	Belgium – Public relations services – Support for the organisation of events and other communication and information activities of the European Parliament Liaison Office in Spain	onsite	partner_allowed
3	24	28	-4	MAYBE	2026-08-31T01:00:00+00:00	350000.0	TED:577903-2026	Ireland – Miscellaneous special-purpose machinery – 26/338A Single Party Framework Agreement for a Multi Material Drop-On-Demand (DoD) Inkjet 3D Printing System for Atlantic Technological University	onsite	partner_allowed
4	24	28	-4	MAYBE	2026-09-11T00:00:00+01:00		TED:581223-2026	France – Printing paper – Fourniture de papiers de reprographie et de bobines pour traceur grand format	onsite	partner_allowed
5	24	28	-4	MAYBE	2026-09-28T02:00:00+00:00		TED:579174-2026	France – Business services: law, marketing, consulting, recruitment, printing and security – DARPeM : Pharmacovigilance et Infomed	onsite	partner_allowed
6	24	28	-4	MAYBE	2026-09-25T23:59:59+02:00		TED:581507-2026	Germany – Printing and related services – Backuplösung Druck- und Kuvertierzentrum	onsite	partner_allowed
7	19	18	0	GOOD	2026-09-07T09:00:00+00:00		PL-BZP:08df01da-f371-d2f5-b346-0300018ce1ba	Przeprowadzenie zewnętrznych kompleksowych testów penetracyjnych i testów bezpieczeństwa platformy Małopolskiego Systemu Informacji Medycznej (MSIM)		
8	18	22	-4	MAYBE	2026-08-31T03:00:00+00:00	2113841.7	TED:486753-2026	Romania – License management software package – Achiziție licențe: Licențe uzuale (Lot 1); Licențe antivirus (Lot 2), Licențe web-site (Lot 3), Licențe/suport echipamente securizare și monitorizare conexiuni utilizatori cu drepturi ridicate (Lot 4)	onsite	partner_allowed
9	18	18	0	LOW	2026-08-31T00:00:00+00:00		WORLD-BANK:OP00463402	3.G.2.1 The Calculation Model For Selecting Sustainable Financing Alternatives (CMSF)		
10	18	16	-4	GOOD	2026-08-28T02:00:00+00:00		TED:516863-2026	Germany – Software supply services – EU-weite Ausschreibung über die Beschaffung einer Rahmenvereinbarung für eine Awareness-Maßnahme	onsite	partner_allowed
11	17	18	-1	MAYBE	2026-08-27T12:00:00+00:00	0.0	ZA_ETENDERS_OCDS:ocds-9t57fa-163368-2026-07-24	05/2025-CMS...	onsite	partner_allowed,electronic
12	16	16	0	MAYBE	2026-08-28T01:00:00+00:00		TED:511245-2026	France – Public relations consultancy services – Conseil en stratégie partenariale et promotion du territoire dans le cadre du projet "Révéler Saint-Dizier"-.		
13	12	12	0	MAYBE	2026-09-01T02:00:00+00:00		TED:584979-2026	Germany – Direct marketing services – Content-Marketing und Public Relations für das Lernlabor Cybersicherheit - PR1242887-2800-I		
14	12	12	0	LOW	2026-09-22T10:00:00+00:00	291500.0	IT-PVL:863fb0bb-a1fc-40ed-8954-a2764639b8ac	Servizio di fornitura del software del portale integrato con CRM per la gestione delle domande di ammissione di studenti internazionali UE e non-UE con titolo di studio conseguito all'estero, per l'accesso ai corsi di primo, secondo e terzo livello universitario dell'Università degli Studi Milano - Bicocca		
15	10	28	-18	MAYBE			TED:78208-2026	Germany – Business services: law, marketing, consulting, recruitment, printing and security – Rfp Regional Dissemination Hub Italy 2026-2028	minimum_reference,onsite	partner_allowed
16	6	18	-19	GOOD	2026-09-02T03:00:00+00:00	146000.0	TED:534052-2026	Lithuania – Software maintenance and repair services – Lietuvos Respublikos miškų valstybės kadastro vystymo ir konsultavimo paslaugos	onsite,multi_references	partner_allowed
17	5	16	-16	GOOD	2027-07-01T12:00:00+01:00	750000.0	TED:484705-2026	Ireland – Education and training services – 2024/37 - Readvertisement Year 3 of Panel for suitable Service Providers for the provision of Environmental and Energy Management Training Courses and Demonstration in 2 Lots	onsite,multi_references	partner_allowed,electronic
18	-1	16	-22	GOOD	2026-09-09T12:00:00+01:00	1.0	TED:507491-2026	Ireland – Education and training services – Higher Diploma Programme in Intellectual Disability Nursing for Registered Nurses	numeric_turnover,onsite	partner_allowed
19	-2	28	-30	MAYBE	2036-04-03T12:00:00+00:00	10000000.0	TED:158922-2026	Ireland – Printing machinery – GALW/COSE1816/25 Establishment of Dynamic Purchasing Systems for the provision of 3D Printing Equipment and associated research services in 5 Lots.	minimum_reference,onsite,multi_references	partner_allowed,electronic
20	-7	12	-19	MAYBE	2026-08-28T03:00:00+00:00	210000.0	TED:519564-2026	Estonia – Software programming and consultancy services – Tehniline tugi ja nõustamisteenused riikliku elektrooniliste teenuste veebiportaali tarkvara uuendamiseks ja seadistamiseks (Ukraina)	onsite,multi_references	partner_allowed
21	-7	12	-19	MAYBE	2026-09-03T23:59:59+02:00	500000.0	TED:497098-2026	Germany – Marketing services – DE_313_ter Communication Services	onsite,multi_references	partner_allowed
22	-7	12	-19	MAYBE	2026-08-27T00:00:00+00:00	274000.0	TED:529332-2026	Portugal – Laundry-collection services – Fornecimento e tratamento de roupas de cama e atoalhados em regime de aluguer nas Pousadas de Juventude de Coimbra, Évora, Guarda, Portalegre e Santa Cruz, sob gestão direta da Movijovem	onsite,multi_references	partner_allowed
23	-10	12	-22	LOW	2026-08-31T00:00:00+00:00	508220.0	TED:580624-2026	Portugal – Computer-related services – (DAG) Aquisição de serviços de desenvolvimento de novas funcionalidades no Portal Licenciamento+, do INFARMED, I.P. (PRR) (20260251)	numeric_turnover,onsite	partner_allowed
24	-10	12	-22	LOW	2026-08-31T00:00:00+00:00	611735.0	TED:580879-2026	Portugal – Computer-related services – (DAG) Aquisição de serviços de desenvolvimento de novas funcionalidades no Portal Inspeção+, do INFARMED, I.P. (PRR) (20260268)	numeric_turnover,onsite	partner_allowed
25	-25	12	-43	GOOD	2026-08-28T12:00:00+01:00	850000.0	TED:536621-2026	Ireland – Public relations services – Public Relations Agency Services - USA (West Coast)	numeric_turnover,minimum_reference,onsite,high_insurance	partner_allowed,electronic
